id,phrase,meaning,core_image,usage_points,example_en,example_jp,cta
get_002,get on,（乗り物に）乗る／（関係が）うまくいく,"乗り物への乗車
↓
━━━━━（on = 接触面）",get on = バス、電車、飛行機（大型で床がある）get in = 車、タクシー（小型で「中に入る」感覚）get on with + 人 = 〜と仲良くやるget on = 進捗する、進む,Get on the bus at the next stop.,次の停留所でバスに乗って。,保存して復習
take_002,take on,引き受ける／雇う／（性質を）帯びる,● 負担 ↓ 🙋‍♂️ on（接触・負担）,on = 身に付ける、背負う,I'll take on the project.,そのプロジェクトを引き受けます。,保存して復習
run_002,run（運営する）,経営する、運営する,"🏢━━→→→
（組織が継続的に動く）",ビジネスや組織を「継続的に動かす」というニュアンス,My father runs a small restaurant.,父は小さなレストランを経営しています。,保存して復習
make_002,make up one's mind,決心する,"[迷い] ━━ up one's mind ━━→ [決断] ✓
「心を固めて完成させる」",decide よりも「迷った末に決める」というニュアンスが強い表現です,I can't make up my mind about which to choose.,どちらを選ぶか決められない。,保存して復習
have_002,have to,〜しなければならない,"[義務] ━━ have to ━━→ [実行]
「〜する必要性を持つ」",must よりも口語的で、外部からの義務や必要性を表します,I have to finish this report by Friday.,金曜日までにこのレポートを終わらせなければならない。,保存して復習
do_002,do over,やり直す、もう一度する,"[失敗・不満足] → DO OVER → [再実行]
↓
最初から
↓
改善・完成",「redo」とほぼ同義ですが、do overは口語的でカジュアルな表現です,The teacher made me do the assignment over because of too many mistakes.,先生は間違いが多すぎるので課題をやり直させた。,保存して復習
